{"loss": [3.4078848361968994], "accuracy": [0.12882652878761292], "val_loss": [3.261415719985962], "val_accuracy": [0.1432291716337204]}